kmeans,EM
0.536716705376139,0.5
0.554273289913192,0.5
0.556579098717199,0.5
0.560893678896475,0.534619764806776
0.545805304529511,0.549798015685219
0.542066301056723,0.602544215419945
0.571889452194398,0.5613130176461
0.604013541140457,0.590909805076996
0.602044376230202,0.59850095590334
