EM,kmeans
0.001984071731567,0.001614236831665
0.001927375793457,0.001777839660645
0.002325630187988,0.00170841217041
0.002402973175049,0.001990270614624
0.002322149276733,0.001744222640991
0.002400684356689,0.001515245437622
0.002833461761475,0.001822280883789
0.002821207046509,0.001802206039429
0.003037261962891,0.002014064788818
