RF,RP,ICA,PCA,Benchmark
0.557381746072567,0.98767262044364,0.5,0.599802107656554,0.773794647625004
0.968777793287781,0.652365463034171,0.5,0.738716348301835,0.740938788952741
0.978491993678404,0.982014284024675,0.5,0.750022043699156,0.882679190671295
0.916761010978699,0.531381963391638,0.5,0.766214754407427,0.908641775951069
0.896986687339958,0.949665088445089,0.5,0.760851011943438,0.847994167326696
0.923100164699223,0.824047163849097,0.5,0.789615404670298,0.777151592600507
0.899654285898342,0.758428857293947,0.502010635316724,0.855704555000645,0.744475491348931
0.900546703158585,0.835651936571601,0.551983106088334,0.873774057886637,0.8587888249444
0.902114703534708,0.953568498659959,0.5,0.968089981388874,0.91543446785923
